k,precision_pre,recall_pre,ndcg_pre,precision_post,recall_post,ndcg_post,mrr_pre,mrr_post
3,0.3,0.9,0.7630929753571458,0.3333333333333333,1.0,1.0,0.7416666666666666,1.0
5,0.2,1.0,0.8061606311644851,0.2,1.0,1.0,0.7416666666666666,1.0
